"filename", "language", "JavaScript", "Vue", "JSON", "Markdown", "JSON with Comments", "Less", "HTML", "comment", "blank", "total"
"d:\前端\vue\hmtt\.eslintrc.js", "JavaScript", 17, 0, 0, 0, 0, 0, 0, 0, 1, 18
"d:\前端\vue\hmtt\README.en.md", "Markdown", 0, 0, 0, 25, 0, 0, 0, 0, 12, 37
"d:\前端\vue\hmtt\babel.config.js", "JavaScript", 12, 0, 0, 0, 0, 0, 0, 0, 1, 13
"d:\前端\vue\hmtt\jsconfig.json", "JSON with Comments", 0, 0, 0, 0, 8, 0, 0, 12, 0, 20
"d:\前端\vue\hmtt\lint-staged.config.js", "JavaScript", 3, 0, 0, 0, 0, 0, 0, 0, 1, 4
"d:\前端\vue\hmtt\package-lock.json", "JSON", 0, 0, 9570, 0, 0, 0, 0, 0, 1, 9571
"d:\前端\vue\hmtt\package.json", "JSON", 0, 0, 47, 0, 0, 0, 0, 0, 1, 48
"d:\前端\vue\hmtt\postcss.config.js", "JavaScript", 8, 0, 0, 0, 0, 0, 0, 3, 1, 12
"d:\前端\vue\hmtt\public\index.html", "HTML", 0, 0, 0, 0, 0, 0, 16, 1, 1, 18
"d:\前端\vue\hmtt\src\App.vue", "Vue", 0, 13, 0, 0, 0, 0, 0, 11, 3, 27
"d:\前端\vue\hmtt\src\api\index.js", "JavaScript", 188, 0, 0, 0, 0, 0, 0, 78, 3, 269
"d:\前端\vue\hmtt\src\api\report.js", "JavaScript", 42, 0, 0, 0, 0, 0, 0, 0, 2, 44
"d:\前端\vue\hmtt\src\components\ArticleItem.vue", "Vue", 0, 115, 0, 0, 0, 0, 0, 13, 6, 134
"d:\前端\vue\hmtt\src\main.js", "JavaScript", 53, 0, 0, 0, 0, 0, 0, 5, 4, 62
"d:\前端\vue\hmtt\src\router\index.js", "JavaScript", 42, 0, 0, 0, 0, 0, 0, 2, 3, 47
"d:\前端\vue\hmtt\src\store\index.js", "JavaScript", 23, 0, 0, 0, 0, 0, 0, 1, 3, 27
"d:\前端\vue\hmtt\src\styles\cover.less", "Less", 0, 0, 0, 0, 0, 5, 0, 2, 0, 7
"d:\前端\vue\hmtt\src\utils\date.js", "JavaScript", 10, 0, 0, 0, 0, 0, 0, 6, 2, 18
"d:\前端\vue\hmtt\src\utils\request.js", "JavaScript", 44, 0, 0, 0, 0, 0, 0, 24, 3, 71
"d:\前端\vue\hmtt\src\utils\token.js", "JavaScript", 10, 0, 0, 0, 0, 0, 0, 4, 1, 15
"d:\前端\vue\hmtt\src\views\ArticleDetail\CommentList.vue", "Vue", 0, 255, 0, 0, 0, 0, 0, 23, 7, 285
"d:\前端\vue\hmtt\src\views\ArticleDetail\myIndex.vue", "Vue", 0, 153, 0, 0, 0, 0, 0, 3, 14, 170
"d:\前端\vue\hmtt\src\views\Chat\myIndex.vue", "Vue", 0, 175, 0, 0, 0, 0, 0, 14, 7, 196
"d:\前端\vue\hmtt\src\views\Home\ArticleList.vue", "Vue", 0, 100, 0, 0, 0, 0, 0, 20, 4, 124
"d:\前端\vue\hmtt\src\views\Home\ChannelEdit.vue", "Vue", 0, 164, 0, 0, 0, 0, 0, 8, 11, 183
"d:\前端\vue\hmtt\src\views\Home\myIndex.vue", "Vue", 0, 96, 0, 0, 0, 0, 0, 5, 4, 105
"d:\前端\vue\hmtt\src\views\Layout\myIndex.vue", "Vue", 0, 30, 0, 0, 0, 0, 0, 2, 4, 36
"d:\前端\vue\hmtt\src\views\Login\myIndex.vue", "Vue", 0, 71, 0, 0, 0, 0, 0, 12, 3, 86
"d:\前端\vue\hmtt\src\views\Search\SearchResult.vue", "Vue", 0, 69, 0, 0, 0, 0, 0, 7, 4, 80
"d:\前端\vue\hmtt\src\views\Search\myIndex.vue", "Vue", 0, 167, 0, 0, 0, 0, 0, 20, 4, 191
"d:\前端\vue\hmtt\src\views\User\UserEdit.vue", "Vue", 0, 16, 0, 0, 0, 0, 0, 142, 1, 159
"d:\前端\vue\hmtt\src\views\User\myIndex.vue", "Vue", 0, 120, 0, 0, 0, 0, 0, 6, 5, 131
"d:\前端\vue\hmtt\vue.config.js", "JavaScript", 19, 0, 0, 0, 0, 0, 0, 3, 1, 23
"Total", "-", 471, 1544, 9617, 25, 8, 5, 16, 427, 118, 12231